zone,count,accept_rate
центр,12533,0.3717386100694167
середина,12525,0.32646706586826346
край,12473,0.3841898500761645
полуцентр,12469,0.3352313738070415
