uplift_bin,accept_rate,count
"(-1.001, -0.25]",,0
"(-0.25, -0.1]",,0
"(-0.1, -0.05]",,0
"(-0.05, 0.0]",0.48561263064265064,22485
"(0.0, 0.05]",0.56,25
"(0.05, 0.1]",0.48307692307692307,325
"(0.1, 0.2]",0.36264884060998537,4787
"(0.2, 0.3]",0.2959738846572361,5514
"(0.3, 0.5]",0.18619246861924685,15774
"(0.5, 1.0]",0.3025291828793774,1028
